{ s1: hmbv, s2: hmh },
{ s1: hm, s2: hmh },
{ s1: egh, s2: lg },
{ s1: cvm, s2: egh },
{ s1: hmn, s2: za },
{ s1: hmn, s2: op },
{ s1: dei, s2: lw },
{ s1: dei, s2: drp },
{ s1: lut, s2: std },
{ s1: bk, s2: lut },
{ s1: asdm, s2: assp },
{ s1: asa, s2: asdm },
{ s1: asd, s2: asdm },
{ s1: rtst, s2: rtz },
{ s1: rlb, s2: rtst },
{ s1: asdl, s2: ass },
{ s1: asdl, s2: shl },
{ s1: dvd, s2: rai },
{ s1: asdz, s2: rai },
{ s1: ac, s2: bkl },
{ s1: ac, s2: ashd },
{ s1: hn, s2: hnk },
{ s1: hks, s2: hnk },
{ s1: hrl, s2: hrlw },
{ s1: hrlw, s2: vdl },
{ s1: hno, s2: rat },
{ s1: nvd, s2: rat },
{ s1: ah, s2: ahp },
{ s1: ah, s2: otb },
{ s1: ah, s2: ahz },
{ s1: gln, s2: std },
{ s1: gln, s2: sbk },
{ s1: hno, s2: zl },
{ s1: ktr, s2: op },
{ s1: ktr, s2: tl },
{ s1: ehv, s2: hmbv },
{ s1: ypb, s2: ztm },
{ s1: vb, s2: ypb },
{ s1: hnp, s2: wk },
{ s1: hnp, s2: kmw },
{ s1: bet, s2: ehs },
{ s1: ehs, s2: ehv },
{ s1: sda, s2: zb },
{ s1: sda, s2: ws },
{ s1: ehv, s2: gp },
{ s1: hrl, s2: hrlk },
{ s1: hrlk, s2: lg },
{ s1: hdg, s2: lwc },
{ s1: adh, s2: lwc },
{ s1: dmnz, s2: wp },
{ s1: dmnz, s2: dvd },
{ s1: dn, s2: hmbh },
{ s1: hm, s2: hmbh },
{ s1: rd, s2: uhm },
{ s1: uhm, s2: uhz },
{ s1: rtd, s2: sdm },
{ s1: nwl, s2: sdm },
{ s1: dtz, s2: sdm },
{ s1: bd, s2: gz },
{ s1: bd, s2: bdpb },
{ s1: bd, s2: etn },
{ s1: hbzm, s2: sdt },
{ s1: sdt, s2: sdtb },
{ s1: ahpr, s2: vp },
{ s1: ahp, s2: ahpr },
{ s1: bf, s2: wfm },
{ s1: bf, s2: wsm },
{ s1: dvc, s2: hon },
{ s1: hon, s2: rsn },
{ s1: ass, s2: hwzb },
{ s1: hlms, s2: hwzb },
{ s1: uhz, s2: ust },
{ s1: bde, s2: bk },
{ s1: asn, s2: bl },
{ s1: bl, s2: hgv },
{ s1: hor, s2: hvsp },
{ s1: hor, s2: uto },
{ s1: ddrs, s2: sdtb },
{ s1: amri, s2: bn },
{ s1: bn, s2: hgl },
{ s1: bp, s2: gk },
{ s1: bp, s2: dwe },
{ s1: br, s2: vry },
{ s1: br, s2: vl },
{ s1: br, s2: hrt },
{ s1: ut, s2: utlr },
{ s1: utlr, s2: utt },
{ s1: bv, s2: hk },
{ s1: bv, s2: drh },
{ s1: emnz, s2: na },
{ s1: emn, s2: emnz },
{ s1: bhdv, s2: gnd },
{ s1: gnd, s2: hbzm },
{ s1: bde, s2: mt },
{ s1: bdg, s2: wd },
{ s1: apn, s2: bdg },
{ s1: asdz, s2: shl },
{ s1: gnn, s2: swd },
{ s1: gn, s2: gnn },
{ s1: ck, s2: mmlh },
{ s1: bmr, s2: ck },
{ s1: cl, s2: htnc },
{ s1: cl, s2: gdm },
{ s1: bdm, s2: swd },
{ s1: bdm, s2: stm },
{ s1: co, s2: gbg },
{ s1: co, s2: dln },
{ s1: bmr, s2: vlb },
{ s1: vlb, s2: vry },
{ s1: o, s2: rvs },
{ s1: o, s2: ow },
{ s1: ztm, s2: ztmo },
{ s1: ana, s2: hdrz },
{ s1: hdr, s2: hdrz },
{ s1: da, s2: vhp },
{ s1: da, s2: vz },
{ s1: bnk, s2: db },
{ s1: db, s2: mrn },
{ s1: did, s2: zv },
{ s1: did, s2: wl },
{ s1: asb, s2: ashd },
{ s1: dl, s2: zl },
{ s1: dl, s2: omn },
{ s1: dn, s2: hrt },
{ s1: bmn, s2: dr },
{ s1: dr, s2: rh },
{ s1: bet, s2: btl },
{ s1: dt, s2: dtz },
{ s1: dt, s2: rsw },
{ s1: dv, s2: ost },
{ s1: dv, s2: dvc },
{ s1: dv, s2: twl },
{ s1: dv, s2: zp },
{ s1: bkf, s2: ekz },
{ s1: dz, s2: dzw },
{ s1: mes, s2: sgl },
{ s1: sgl, s2: vk },
{ s1: hwd, s2: sgn },
{ s1: ana, s2: sgn },
{ s1: ec, s2: rm },
{ s1: ec, s2: srn },
{ s1: ed, s2: edc },
{ s1: ed, s2: wf },
{ s1: ed, s2: klp },
{ s1: hld, s2: hlds },
{ s1: hb, s2: hrl },
{ s1: adh, s2: lw },
{ s1: gerp, s2: hrn },
{ s1: asn, s2: hrn },
{ s1: odb, s2: zvb },
{ s1: zlw, s2: zvb },
{ s1: es, s2: esk },
{ s1: es, s2: ese },
{ s1: hry, s2: wv },
{ s1: hr, s2: hry },
{ s1: hfd, s2: shl },
{ s1: ovn, s2: zvt },
{ s1: eml, s2: hd },
{ s1: eml, s2: pt },
{ s1: brd, s2: zwd },
{ s1: ddr, s2: zwd },
{ s1: bgn, s2: rsd },
{ s1: bgn, s2: rb },
{ s1: drp, s2: fn },
{ s1: fn, s2: hlg },
{ s1: kbw, s2: kzd },
{ s1: kzd, s2: wm },
{ s1: apd, s2: apdm },
{ s1: apdm, s2: kbk },
{ s1: hlg, s2: hlgh },
{ s1: apdo, s2: twl },
{ s1: apd, s2: apdo },
{ s1: nsch, s2: ws },
{ s1: nsch, s2: wr },
{ s1: dtc, s2: dtch },
{ s1: dtch, s2: wl },
{ s1: amf, s2: dld },
{ s1: bhv, s2: dld },
{ s1: dld, s2: stz },
{ s1: gd, s2: gdg },
{ s1: gd, s2: wad },
{ s1: gd, s2: nwk },
{ s1: gd, s2: ztmo },
{ s1: ht, s2: hto },
{ s1: hto, s2: rs },
{ s1: htn, s2: utl },
{ s1: htn, s2: htnc },
{ s1: bsk, s2: wadn },
{ s1: wad, s2: wadn },
{ s1: gk, s2: zh },
{ s1: dln, s2: na },
{ s1: gerp, s2: gn },
{ s1: gn, s2: zh },
{ s1: go, s2: lc },
{ s1: ddn, s2: go },
{ s1: gp, s2: hze },
{ s1: akl, s2: gr },
{ s1: bhdv, s2: gr },
{ s1: bzl, s2: gs },
{ s1: arn, s2: gs },
{ s1: gv, s2: gvc },
{ s1: gv, s2: gvmw },
{ s1: gw, s2: lw },
{ s1: akm, s2: gw },
{ s1: hn, s2: obd },
{ s1: hwd, s2: obd },
{ s1: bhv, s2: uto },
{ s1: gz, s2: tbr },
{ s1: rhn, s2: vndc },
{ s1: hb, s2: nh },
{ s1: hd, s2: ns },
{ s1: vndc, s2: vndw },
{ s1: hk, s2: utg },
{ s1: dmn, s2: wp },
{ s1: assp, s2: dmn },
{ s1: hn, s2: pmo },
{ s1: eghm, s2: lg },
{ s1: akm, s2: hr },
{ s1: ht, s2: zbm },
{ s1: ht, s2: vg },
{ s1: ht, s2: tb },
{ s1: swd, s2: wsm },
{ s1: amf, s2: hvl },
{ s1: bnn, s2: hvl },
{ s1: brn, s2: hvs },
{ s1: hvs, s2: hvsm },
{ s1: hvs, s2: hvsp },
{ s1: ahp, s2: wtv },
{ s1: odb, s2: rsd },
{ s1: ahz, s2: est },
{ s1: amrn, s2: hwd },
{ s1: dvn, s2: wtv },
{ s1: bkf, s2: bkg },
{ s1: bkg, s2: hks },
{ s1: bkl, s2: mas },
{ s1: bkl, s2: wd },
{ s1: hglo, s2: odz },
{ s1: gvc, s2: vb },
{ s1: gvc, s2: laa },
{ s1: dvnk, s2: vst },
{ s1: gvm, s2: vst },
{ s1: mdb, s2: vss },
{ s1: vs, s2: vss },
{ s1: atn, s2: vsv },
{ s1: tbg, s2: vsv },
{ s1: mas, s2: utzl },
{ s1: gvm, s2: laa },
{ s1: bll, s2: hlm },
{ s1: bll, s2: sptz },
{ s1: brd, s2: rlb },
{ s1: gerp, s2: kw },
{ s1: kw, s2: mth },
{ s1: ndb, s2: wp },
{ s1: bsmz, s2: ndb },
{ s1: utt, s2: vtn },
{ s1: vtn, s2: wd },
{ s1: ese, s2: gbr },
{ s1: lc, s2: zp },
{ s1: esk, s2: hgl },
{ s1: mrn, s2: vndw },
{ s1: bmn, s2: zp },
{ s1: akl, s2: ldm },
{ s1: lp, s2: stm },
{ s1: apg, s2: lp },
{ s1: est, s2: nml },
{ s1: est, s2: za },
{ s1: sog, s2: vk },
{ s1: kmr, s2: sog },
{ s1: lw, s2: mg },
{ s1: bsmz, s2: hvsm },
{ s1: hze, s2: mz },
{ s1: bnc, s2: bnn },
{ s1: bnc, s2: bnz },
{ s1: sptn, s2: sptz },
{ s1: ltv, s2: www },
{ s1: ww, s2: www },
{ s1: ust, s2: wfm },
{ s1: bdpb, s2: zlw },
{ s1: hlm, s2: hlms },
{ s1: mg, s2: sknd },
{ s1: drh, s2: sptn },
{ s1: bnk, s2: ut },
{ s1: etn, s2: rsd },
{ s1: alm, s2: almp },
{ s1: alm, s2: almm },
{ s1: hgv, s2: mp },
{ s1: mp, s2: swk },
{ s1: mp, s2: zl },
{ s1: cps, s2: nwk },
{ s1: cps, s2: rta },
{ s1: mt, s2: mtr },
{ s1: mt, s2: mtn },
{ s1: kma, s2: utg },
{ s1: cas, s2: utg },
{ s1: arn, s2: mdb },
{ s1: ut, s2: utl },
{ s1: mz, s2: wt },
{ s1: bnz, s2: ltn },
{ s1: ut, s2: utm },
{ s1: hgz, s2: spm },
{ s1: spm, s2: zb },
{ s1: ut, s2: uto },
{ s1: dwe, s2: fwd },
{ s1: fwd, s2: hdg },
{ s1: nh, s2: sn },
{ s1: amf, s2: apd },
{ s1: amf, s2: amfs },
{ s1: amf, s2: brn },
{ s1: nm, s2: nml },
{ s1: nm, s2: nmgo },
{ s1: nm, s2: nmh },
{ s1: aml, s2: wdn },
{ s1: aml, s2: amri },
{ s1: aml, s2: vz },
{ s1: kpnz, s2: zl },
{ s1: dron, s2: kpnz },
{ s1: hde, s2: ns },
{ s1: amr, s2: hlo },
{ s1: amr, s2: amrn },
{ s1: dtc, s2: gdr },
{ s1: amfs, s2: avat },
{ s1: gdm, s2: tpsw },
{ s1: tl, s2: tpsw },
{ s1: mes, s2: mtn },
{ s1: dvnk, s2: ledn },
{ s1: ot, s2: tb },
{ s1: btl, s2: ot },
{ s1: ow, s2: rs },
{ s1: kbd, s2: rb },
{ s1: kbd, s2: krg },
{ s1: srn, s2: std },
{ s1: bsd, s2: ldm },
{ s1: kbk, s2: vem },
{ s1: apn, s2: ldl },
{ s1: ldl, s2: ledn },
{ s1: kbw, s2: zd },
{ s1: nkk, s2: pt },
{ s1: nvp, s2: ssh },
{ s1: ledn, s2: ssh },
{ s1: asa, s2: dvd },
{ s1: asb, s2: dvd },
{ s1: pmo, s2: pmr },
{ s1: pmr, s2: pmw },
{ s1: apg, s2: dzw },
{ s1: pmw, s2: zdk },
{ s1: dvn, s2: zv },
{ s1: apn, s2: bsk },
{ s1: brn, s2: sd },
{ s1: ut, s2: utzl },
{ s1: bsd, s2: gdm },
{ s1: kmw, s2: stv },
{ s1: rh, s2: vp },
{ s1: st, s2: stz },
{ s1: rl, s2: vd },
{ s1: ltv, s2: rl },
{ s1: rm, s2: sm },
{ s1: rm, s2: wt },
{ s1: sk, s2: sknd },
{ s1: rsd, s2: rtd },
{ s1: rv, s2: tg },
{ s1: rv, s2: sm },
{ s1: gdm, s2: zbm },
{ s1: rsn, s2: wdn },
{ s1: avat, s2: nkk },
{ s1: mrb, s2: omn },
{ s1: sd, s2: st },
{ s1: gvmw, s2: rsw },
{ s1: ijt, s2: sk },
{ s1: btl, s2: vg },
{ s1: cvm, s2: krd },
{ s1: sbk, s2: sn },
{ s1: rta, s2: rtn },
{ s1: rtb, s2: rtd },
{ s1: rtb, s2: rtz },
{ s1: rtd, s2: rtn },
{ s1: tb, s2: tbu },
{ s1: asd, s2: ass },
{ s1: tg, s2: vl },
{ s1: ass, s2: zd },
{ s1: zd, s2: zdk },
{ s1: nmd, s2: nmgo },
{ s1: nmd, s2: wc },
{ s1: swk, s2: wv },
{ s1: mmlh, s2: nmh },
{ s1: had, s2: hlm },
{ s1: had, s2: hil },
{ s1: ddn, s2: hglg },
{ s1: hgl, s2: hglg },
{ s1: atn, s2: ww },
{ s1: rvs, s2: wc },
{ s1: vd, s2: zp },
{ s1: ledn, s2: vh },
{ s1: hil, s2: vh },
{ s1: dron, s2: lls },
{ s1: gdg, s2: wd },
{ s1: otb, s2: wf },
{ s1: wh, s2: zl },
{ s1: ost, s2: wh },
{ s1: ijt, s2: wk },
{ s1: kma, s2: wm },
{ s1: ampo, s2: wp },
{ s1: leer, s2: wr },
{ s1: wz, s2: zl },
{ s1: hde, s2: wz },
{ s1: hdb, s2: mrb },
{ s1: gbg, s2: hdb },
{ s1: ddr, s2: ddrs },
{ s1: hgl, s2: hglo },
{ s1: almo, s2: lls },
{ s1: almm, s2: ampo },
{ s1: bzl, s2: krg },
{ s1: almb, s2: almo },
{ s1: almb, s2: almp },
{ s1: hfd, s2: nvp },
{ s1: vdm, s2: zb },
{ s1: klp, s2: mrn },
{ s1: gdk, s2: mrb },
{ s1: gdk, s2: vhp },
{ s1: kpn, s2: zl },
{ s1: gdr, s2: tbg },
{ s1: vem, s2: zp },
{ s1: nvd, s2: wdn },
{ s1: kmr, s2: vdl },
{ s1: hgz, s2: mth },
{ s1: hlm, s2: ovn },
{ s1: vdg, s2: vdo },
{ s1: vdg, s2: vdw },
{ s1: nwl, s2: vdo },
{ s1: ddzd, s2: zlw },
{ s1: ddr, s2: ddzd },
{ s1: mss, s2: vdw },
{ s1: mss, s2: msw },
{ s1: hld, s2: msw },
{ s1: edc, s2: ltn },
{ s1: edn, s2: mtr },
{ s1: tbr, s2: tbu },
{ s1: cas, s2: hlo }